<?xml version="1.0" encoding="UTF-8" standalone="yes"?>
<javaScriptFFIContainer>
	<namespaces name="KonyLogger">
		<jsClasses>
			<constructors>
				<params dataType="String" name="loggerName"/>
			</constructors>
			<jsMethods name="logTrace">
				<mappings platformId="8">
					<nativeMethod className="KonyJSFacade" frameworks="" library="" name="logTrace" packageName="" static="false">
						<params dataType="java.util.Hashtable"/>
						<versionSpecificLibraries>
							<entry>
								<key>5.0</key>
							</entry>
							<entry>
								<key>6.0</key>
							</entry>
						</versionSpecificLibraries>
					</nativeMethod>
				</mappings>
				<mappings platformId="18">
					<nativeMethod className="KonyJSFacade" frameworks="" library="" name="logTrace" packageName="" static="false">
						<params dataType="java.util.Hashtable"/>
						<versionSpecificLibraries>
							<entry>
								<key>5.0</key>
							</entry>
							<entry>
								<key>6.0</key>
							</entry>
						</versionSpecificLibraries>
					</nativeMethod>
				</mappings>
				<mappings platformId="1">
					<nativeMethod className="LoggerAbstraction" frameworks="" library="" name="logTrace:" packageName="" static="false">
						<params dataType="NSDictionary"/>
						<versionSpecificLibraries>
							<entry>
								<key>5.0</key>
							</entry>
							<entry>
								<key>6.0</key>
							</entry>
						</versionSpecificLibraries>
					</nativeMethod>
				</mappings>
				<mappings platformId="16">
					<nativeMethod className="LoggerAbstraction" frameworks="" library="" name="logTrace:" packageName="" static="false">
						<params dataType="NSDictionary"/>
						<versionSpecificLibraries>
							<entry>
								<key>5.0</key>
							</entry>
							<entry>
								<key>6.0</key>
							</entry>
						</versionSpecificLibraries>
					</nativeMethod>
				</mappings>
				<mappings platformId="50">
					<nativeMethod className="KonyJSFacade" frameworks="" library="" name="LogTrace" packageName="" static="false">
						<params dataType="Dictionary"/>
						<versionSpecificLibraries>
							<entry>
								<key>5.0</key>
							</entry>
							<entry>
								<key>6.0</key>
							</entry>
						</versionSpecificLibraries>
					</nativeMethod>
				</mappings>
				<mappings platformId="48">
					<nativeMethod className="KonyJSFacade" frameworks="" library="" name="LogTrace" packageName="" static="false">
						<params dataType="Dictionary"/>
						<versionSpecificLibraries>
							<entry>
								<key>5.0</key>
							</entry>
							<entry>
								<key>6.0</key>
							</entry>
						</versionSpecificLibraries>
					</nativeMethod>
				</mappings>
				<params dataType="Object" name="message"/>
				<returnTypes>void</returnTypes>
			</jsMethods>
			<jsMethods name="logDebug">
				<mappings platformId="8">
					<nativeMethod className="KonyJSFacade" frameworks="" library="" name="logDebug" packageName="" static="false">
						<params dataType="java.util.Hashtable"/>
						<versionSpecificLibraries>
							<entry>
								<key>5.0</key>
							</entry>
							<entry>
								<key>6.0</key>
							</entry>
						</versionSpecificLibraries>
					</nativeMethod>
				</mappings>
				<mappings platformId="18">
					<nativeMethod className="KonyJSFacade" frameworks="" library="" name="logDebug" packageName="" static="false">
						<params dataType="java.util.Hashtable"/>
						<versionSpecificLibraries>
							<entry>
								<key>5.0</key>
							</entry>
							<entry>
								<key>6.0</key>
							</entry>
						</versionSpecificLibraries>
					</nativeMethod>
				</mappings>
				<mappings platformId="1">
					<nativeMethod className="LoggerAbstraction" frameworks="" library="" name="logDebug:" packageName="" static="false">
						<params dataType="NSDictionary"/>
						<versionSpecificLibraries>
							<entry>
								<key>5.0</key>
							</entry>
							<entry>
								<key>6.0</key>
							</entry>
						</versionSpecificLibraries>
					</nativeMethod>
				</mappings>
				<mappings platformId="16">
					<nativeMethod className="LoggerAbstraction" frameworks="" library="" name="logDebug:" packageName="" static="false">
						<params dataType="NSDictionary"/>
						<versionSpecificLibraries>
							<entry>
								<key>5.0</key>
							</entry>
							<entry>
								<key>6.0</key>
							</entry>
						</versionSpecificLibraries>
					</nativeMethod>
				</mappings>
				<mappings platformId="50">
					<nativeMethod className="KonyJSFacade" frameworks="" library="" name="LogDebug" packageName="" static="false">
						<params dataType="Dictionary"/>
						<versionSpecificLibraries>
							<entry>
								<key>5.0</key>
							</entry>
							<entry>
								<key>6.0</key>
							</entry>
						</versionSpecificLibraries>
					</nativeMethod>
				</mappings>
				<mappings platformId="48">
					<nativeMethod className="KonyJSFacade" frameworks="" library="" name="LogDebug" packageName="" static="false">
						<params dataType="Dictionary"/>
						<versionSpecificLibraries>
							<entry>
								<key>5.0</key>
							</entry>
							<entry>
								<key>6.0</key>
							</entry>
						</versionSpecificLibraries>
					</nativeMethod>
				</mappings>
				<params dataType="Object" name="message"/>
				<returnTypes>void</returnTypes>
			</jsMethods>
			<jsMethods name="logWarning">
				<mappings platformId="8">
					<nativeMethod className="KonyJSFacade" frameworks="" library="" name="logWarning" packageName="" static="false">
						<params dataType="java.util.Hashtable"/>
						<versionSpecificLibraries>
							<entry>
								<key>5.0</key>
							</entry>
							<entry>
								<key>6.0</key>
							</entry>
						</versionSpecificLibraries>
					</nativeMethod>
				</mappings>
				<mappings platformId="18">
					<nativeMethod className="KonyJSFacade" frameworks="" library="" name="logWarning" packageName="" static="false">
						<params dataType="java.util.Hashtable"/>
						<versionSpecificLibraries>
							<entry>
								<key>5.0</key>
							</entry>
							<entry>
								<key>6.0</key>
							</entry>
						</versionSpecificLibraries>
					</nativeMethod>
				</mappings>
				<mappings platformId="1">
					<nativeMethod className="LoggerAbstraction" frameworks="" library="" name="logWarning:" packageName="" static="false">
						<params dataType="NSDictionary"/>
						<versionSpecificLibraries>
							<entry>
								<key>5.0</key>
							</entry>
							<entry>
								<key>6.0</key>
							</entry>
						</versionSpecificLibraries>
					</nativeMethod>
				</mappings>
				<mappings platformId="16">
					<nativeMethod className="LoggerAbstraction" frameworks="" library="" name="logWarning:" packageName="" static="false">
						<params dataType="NSDictionary"/>
						<versionSpecificLibraries>
							<entry>
								<key>5.0</key>
							</entry>
							<entry>
								<key>6.0</key>
							</entry>
						</versionSpecificLibraries>
					</nativeMethod>
				</mappings>
				<mappings platformId="48">
					<nativeMethod className="KonyJSFacade" frameworks="" library="" name="LogWarning" packageName="" static="false">
						<params dataType="Dictionary"/>
						<versionSpecificLibraries>
							<entry>
								<key>5.0</key>
							</entry>
							<entry>
								<key>6.0</key>
							</entry>
						</versionSpecificLibraries>
					</nativeMethod>
				</mappings>
				<mappings platformId="50">
					<nativeMethod className="KonyJSFacade" frameworks="" library="" name="LogWarning" packageName="" static="false">
						<params dataType="Dictionary"/>
						<versionSpecificLibraries>
							<entry>
								<key>5.0</key>
							</entry>
							<entry>
								<key>6.0</key>
							</entry>
						</versionSpecificLibraries>
					</nativeMethod>
				</mappings>
				<params dataType="Object" name="message"/>
				<returnTypes>void</returnTypes>
			</jsMethods>
			<jsMethods name="logInfo">
				<mappings platformId="8">
					<nativeMethod className="KonyJSFacade" frameworks="" library="" name="logInfo" packageName="" static="false">
						<params dataType="java.util.Hashtable"/>
						<versionSpecificLibraries>
							<entry>
								<key>5.0</key>
							</entry>
							<entry>
								<key>6.0</key>
							</entry>
						</versionSpecificLibraries>
					</nativeMethod>
				</mappings>
				<mappings platformId="18">
					<nativeMethod className="KonyJSFacade" frameworks="" library="" name="logInfo" packageName="" static="false">
						<params dataType="java.util.Hashtable"/>
						<versionSpecificLibraries>
							<entry>
								<key>5.0</key>
							</entry>
							<entry>
								<key>6.0</key>
							</entry>
						</versionSpecificLibraries>
					</nativeMethod>
				</mappings>
				<mappings platformId="1">
					<nativeMethod className="LoggerAbstraction" frameworks="" library="" name="logInfo:" packageName="" static="false">
						<params dataType="NSDictionary"/>
						<versionSpecificLibraries>
							<entry>
								<key>5.0</key>
							</entry>
							<entry>
								<key>6.0</key>
							</entry>
						</versionSpecificLibraries>
					</nativeMethod>
				</mappings>
				<mappings platformId="16">
					<nativeMethod className="LoggerAbstraction" frameworks="" library="" name="logInfo:" packageName="" static="false">
						<params dataType="NSDictionary"/>
						<versionSpecificLibraries>
							<entry>
								<key>5.0</key>
							</entry>
							<entry>
								<key>6.0</key>
							</entry>
						</versionSpecificLibraries>
					</nativeMethod>
				</mappings>
				<mappings platformId="50">
					<nativeMethod className="KonyJSFacade" frameworks="" library="" name="LogInfo" packageName="" static="false">
						<params dataType="Dictionary"/>
						<versionSpecificLibraries>
							<entry>
								<key>5.0</key>
							</entry>
							<entry>
								<key>6.0</key>
							</entry>
						</versionSpecificLibraries>
					</nativeMethod>
				</mappings>
				<mappings platformId="48">
					<nativeMethod className="KonyJSFacade" frameworks="" library="" name="LogInfo" packageName="" static="false">
						<params dataType="Dictionary"/>
						<versionSpecificLibraries>
							<entry>
								<key>5.0</key>
							</entry>
							<entry>
								<key>6.0</key>
							</entry>
						</versionSpecificLibraries>
					</nativeMethod>
				</mappings>
				<params dataType="Object" name="message"/>
				<returnTypes>void</returnTypes>
			</jsMethods>
			<jsMethods name="logError">
				<mappings platformId="8">
					<nativeMethod className="KonyJSFacade" frameworks="" library="" name="logError" packageName="" static="false">
						<params dataType="java.util.Hashtable"/>
						<versionSpecificLibraries>
							<entry>
								<key>5.0</key>
							</entry>
							<entry>
								<key>6.0</key>
							</entry>
						</versionSpecificLibraries>
					</nativeMethod>
				</mappings>
				<mappings platformId="18">
					<nativeMethod className="KonyJSFacade" frameworks="" library="" name="logError" packageName="" static="false">
						<params dataType="java.util.Hashtable"/>
						<versionSpecificLibraries>
							<entry>
								<key>5.0</key>
							</entry>
							<entry>
								<key>6.0</key>
							</entry>
						</versionSpecificLibraries>
					</nativeMethod>
				</mappings>
				<mappings platformId="1">
					<nativeMethod className="LoggerAbstraction" frameworks="" library="" name="logError:" packageName="" static="false">
						<params dataType="NSDictionary"/>
						<versionSpecificLibraries>
							<entry>
								<key>5.0</key>
							</entry>
							<entry>
								<key>6.0</key>
							</entry>
						</versionSpecificLibraries>
					</nativeMethod>
				</mappings>
				<mappings platformId="16">
					<nativeMethod className="LoggerAbstraction" frameworks="" library="" name="logError:" packageName="" static="false">
						<params dataType="NSDictionary"/>
						<versionSpecificLibraries>
							<entry>
								<key>5.0</key>
							</entry>
							<entry>
								<key>6.0</key>
							</entry>
						</versionSpecificLibraries>
					</nativeMethod>
				</mappings>
				<mappings platformId="50">
					<nativeMethod className="KonyJSFacade" frameworks="" library="" name="LogError" packageName="" static="false">
						<params dataType="Dictionary"/>
						<versionSpecificLibraries>
							<entry>
								<key>5.0</key>
							</entry>
							<entry>
								<key>6.0</key>
							</entry>
						</versionSpecificLibraries>
					</nativeMethod>
				</mappings>
				<mappings platformId="48">
					<nativeMethod className="KonyJSFacade" frameworks="" library="" name="LogError" packageName="" static="false">
						<params dataType="Dictionary"/>
						<versionSpecificLibraries>
							<entry>
								<key>5.0</key>
							</entry>
							<entry>
								<key>6.0</key>
							</entry>
						</versionSpecificLibraries>
					</nativeMethod>
				</mappings>
				<params dataType="Object" name="message"/>
				<returnTypes>void</returnTypes>
			</jsMethods>
			<jsMethods name="logFatal">
				<mappings platformId="8">
					<nativeMethod className="KonyJSFacade" frameworks="" library="" name="logFatal" packageName="" static="false">
						<params dataType="java.util.Hashtable"/>
						<versionSpecificLibraries>
							<entry>
								<key>5.0</key>
							</entry>
							<entry>
								<key>6.0</key>
							</entry>
						</versionSpecificLibraries>
					</nativeMethod>
				</mappings>
				<mappings platformId="18">
					<nativeMethod className="KonyJSFacade" frameworks="" library="" name="logFatal" packageName="" static="false">
						<params dataType="java.util.Hashtable"/>
						<versionSpecificLibraries>
							<entry>
								<key>5.0</key>
							</entry>
							<entry>
								<key>6.0</key>
							</entry>
						</versionSpecificLibraries>
					</nativeMethod>
				</mappings>
				<mappings platformId="1">
					<nativeMethod className="LoggerAbstraction" frameworks="" library="" name="logFatal:" packageName="" static="false">
						<params dataType="NSDictionary"/>
						<versionSpecificLibraries>
							<entry>
								<key>5.0</key>
							</entry>
							<entry>
								<key>6.0</key>
							</entry>
						</versionSpecificLibraries>
					</nativeMethod>
				</mappings>
				<mappings platformId="16">
					<nativeMethod className="LoggerAbstraction" frameworks="" library="" name="logFatal:" packageName="" static="false">
						<params dataType="NSDictionary"/>
						<versionSpecificLibraries>
							<entry>
								<key>5.0</key>
							</entry>
							<entry>
								<key>6.0</key>
							</entry>
						</versionSpecificLibraries>
					</nativeMethod>
				</mappings>
				<mappings platformId="50">
					<nativeMethod className="KonyJSFacade" frameworks="" library="" name="LogFatal" packageName="" static="false">
						<params dataType="Dictionary"/>
						<versionSpecificLibraries>
							<entry>
								<key>5.0</key>
							</entry>
							<entry>
								<key>6.0</key>
							</entry>
						</versionSpecificLibraries>
					</nativeMethod>
				</mappings>
				<mappings platformId="48">
					<nativeMethod className="KonyJSFacade" frameworks="" library="" name="LogFatal" packageName="" static="false">
						<params dataType="Dictionary"/>
						<versionSpecificLibraries>
							<entry>
								<key>5.0</key>
							</entry>
							<entry>
								<key>6.0</key>
							</entry>
						</versionSpecificLibraries>
					</nativeMethod>
				</mappings>
				<params dataType="Object" name="message"/>
				<returnTypes>void</returnTypes>
			</jsMethods>
			<jsMethods name="logPerf">
				<mappings platformId="1">
					<nativeMethod className="LoggerAbstraction" frameworks="" library="" name="logPerf:" packageName="" static="false">
						<params dataType="NSDictionary"/>
						<versionSpecificLibraries>
							<entry>
								<key>5.0</key>
							</entry>
							<entry>
								<key>6.0</key>
							</entry>
						</versionSpecificLibraries>
					</nativeMethod>
				</mappings>
				<mappings platformId="8">
					<nativeMethod className="KonyJSFacade" frameworks="" library="" name="logPerf" packageName="" static="false">
						<params dataType="java.util.Hashtable"/>
						<versionSpecificLibraries>
							<entry>
								<key>5.0</key>
							</entry>
							<entry>
								<key>6.0</key>
							</entry>
						</versionSpecificLibraries>
					</nativeMethod>
				</mappings>
				<mappings platformId="50">
					<nativeMethod className="KonyJSFacade" frameworks="" library="" name="LogPerf" packageName="" static="false">
						<params dataType="Dictionary"/>
						<versionSpecificLibraries>
							<entry>
								<key>5.0</key>
							</entry>
							<entry>
								<key>6.0</key>
							</entry>
						</versionSpecificLibraries>
					</nativeMethod>
				</mappings>
				<mappings platformId="16">
					<nativeMethod className="LoggerAbstraction" frameworks="" library="" name="logPerf:" packageName="" static="false">
						<params dataType="NSDictionary"/>
						<versionSpecificLibraries>
							<entry>
								<key>5.0</key>
							</entry>
							<entry>
								<key>6.0</key>
							</entry>
						</versionSpecificLibraries>
					</nativeMethod>
				</mappings>
				<mappings platformId="18">
					<nativeMethod className="KonyJSFacade" frameworks="" library="" name="logPerf" packageName="" static="false">
						<params dataType="java.util.Hashtable"/>
						<versionSpecificLibraries>
							<entry>
								<key>5.0</key>
							</entry>
							<entry>
								<key>6.0</key>
							</entry>
						</versionSpecificLibraries>
					</nativeMethod>
				</mappings>
				<mappings platformId="48">
					<nativeMethod className="KonyJSFacade" frameworks="" library="" name="LogPerf" packageName="" static="false">
						<params dataType="Dictionary"/>
						<versionSpecificLibraries>
							<entry>
								<key>5.0</key>
							</entry>
							<entry>
								<key>6.0</key>
							</entry>
						</versionSpecificLibraries>
					</nativeMethod>
				</mappings>
				<params dataType="Object" name="message"/>
				<returnTypes>void</returnTypes>
			</jsMethods>
			<mappings platformId="8">
				<nativeClasses frameworks="" library="konylogger.jar" name="KonyJSFacade" packageName="com.kony.logger.Core">
					<constructors constructor="true" name="KonyJSFacade" static="true">
						<params dataType="java.lang.String"/>
					</constructors>
					<versionSpecificLibraries>
						<entry>
							<key>5.0</key>
						</entry>
						<entry>
							<key>6.0</key>
						</entry>
					</versionSpecificLibraries>
				</nativeClasses>
			</mappings>
			<mappings platformId="18">
				<nativeClasses frameworks="" library="konylogger.jar" name="KonyJSFacade" packageName="com.kony.logger.Core">
					<constructors constructor="true" name="KonyJSFacade" static="true">
						<params dataType="java.lang.String"/>
					</constructors>
					<versionSpecificLibraries>
						<entry>
							<key>5.0</key>
						</entry>
						<entry>
							<key>6.0</key>
						</entry>
					</versionSpecificLibraries>
				</nativeClasses>
			</mappings>
			<mappings platformId="1">
				<nativeClasses frameworks="" library="konyLogger.zip" name="LoggerAbstraction" packageName="">
					<constructors constructor="true" name="initWithLogger:" static="false">
						<params dataType="NSString"/>
					</constructors>
					<versionSpecificLibraries>
						<entry>
							<key>5.0</key>
						</entry>
						<entry>
							<key>6.0</key>
						</entry>
					</versionSpecificLibraries>
				</nativeClasses>
			</mappings>
			<mappings platformId="16">
				<nativeClasses frameworks="" library="konyLogger.zip" name="LoggerAbstraction" packageName="">
					<constructors constructor="true" name="initWithLogger:" static="false">
						<params dataType="NSString"/>
					</constructors>
					<versionSpecificLibraries>
						<entry>
							<key>5.0</key>
						</entry>
						<entry>
							<key>6.0</key>
						</entry>
					</versionSpecificLibraries>
				</nativeClasses>
			</mappings>
			<mappings platformId="50">
				<nativeClasses frameworks="" library="konyLogger.zip" name="KonyJSFacade" packageName="KonyLogger.Core">
					<constructors constructor="true" name="KonyJSFacade" static="true">
						<params dataType="string"/>
					</constructors>
					<versionSpecificLibraries>
						<entry>
							<key>5.0</key>
						</entry>
						<entry>
							<key>6.0</key>
						</entry>
					</versionSpecificLibraries>
				</nativeClasses>
			</mappings>
			<mappings platformId="48">
				<nativeClasses frameworks="" library="konyLogger.zip" name="KonyJSFacade" packageName="KonyLogger.Core">
					<constructors constructor="true" name="KonyJSFacade" static="true">
						<params dataType="string"/>
					</constructors>
					<versionSpecificLibraries>
						<entry>
							<key>5.0</key>
						</entry>
						<entry>
							<key>6.0</key>
						</entry>
					</versionSpecificLibraries>
				</nativeClasses>
			</mappings>
			<name>InitializeLogger</name>
		</jsClasses>
		<jsFunctions name="getLogLevel">
			<mappings platformId="8">
				<nativeFunction className="KonyJSFacade" frameworks="" library="konylogger.jar" name="getLogLevel" packageName="com.kony.logger.Core" static="false">
					<versionSpecificLibraries>
						<entry>
							<key>5.0</key>
						</entry>
						<entry>
							<key>6.0</key>
						</entry>
					</versionSpecificLibraries>
				</nativeFunction>
			</mappings>
			<mappings platformId="18">
				<nativeFunction className="KonyJSFacade" frameworks="" library="konylogger.jar" name="getLogLevel" packageName="com.kony.logger.Core" static="false">
					<versionSpecificLibraries>
						<entry>
							<key>5.0</key>
						</entry>
						<entry>
							<key>6.0</key>
						</entry>
					</versionSpecificLibraries>
				</nativeFunction>
			</mappings>
			<mappings platformId="1">
				<nativeFunction className="LoggerAbstraction" frameworks="" library="konyLogger.zip" name="getLogLevel" packageName="" static="false">
					<versionSpecificLibraries>
						<entry>
							<key>5.0</key>
						</entry>
						<entry>
							<key>6.0</key>
						</entry>
					</versionSpecificLibraries>
				</nativeFunction>
			</mappings>
			<mappings platformId="16">
				<nativeFunction className="LoggerAbstraction" frameworks="" library="konyLogger.zip" name="getLogLevel" packageName="" static="false">
					<versionSpecificLibraries>
						<entry>
							<key>5.0</key>
						</entry>
						<entry>
							<key>6.0</key>
						</entry>
					</versionSpecificLibraries>
				</nativeFunction>
			</mappings>
			<mappings platformId="50">
				<nativeFunction className="KonyJSFacade" frameworks="" library="konyLogger.zip" name="GetLogLevel" packageName="KonyLogger.Core" static="false">
					<versionSpecificLibraries>
						<entry>
							<key>5.0</key>
						</entry>
						<entry>
							<key>6.0</key>
						</entry>
					</versionSpecificLibraries>
				</nativeFunction>
			</mappings>
			<mappings platformId="48">
				<nativeFunction className="KonyJSFacade" frameworks="" library="konyLogger.zip" name="GetLogLevel" packageName="KonyLogger.Core" static="false">
					<versionSpecificLibraries>
						<entry>
							<key>5.0</key>
						</entry>
						<entry>
							<key>6.0</key>
						</entry>
					</versionSpecificLibraries>
				</nativeFunction>
			</mappings>
			<returnTypes>Number</returnTypes>
		</jsFunctions>
		<jsFunctions name="flush">
			<mappings platformId="18">
				<nativeFunction className="KonyJSFacade" frameworks="" library="konylogger.jar" name="flush" packageName="com.kony.logger.Core" static="false">
					<versionSpecificLibraries>
						<entry>
							<key>5.0</key>
						</entry>
						<entry>
							<key>6.0</key>
						</entry>
					</versionSpecificLibraries>
				</nativeFunction>
			</mappings>
			<mappings platformId="8">
				<nativeFunction className="KonyJSFacade" frameworks="" library="konylogger.jar" name="flush" packageName="com.kony.logger.Core" static="false">
					<versionSpecificLibraries>
						<entry>
							<key>5.0</key>
						</entry>
						<entry>
							<key>6.0</key>
						</entry>
					</versionSpecificLibraries>
				</nativeFunction>
			</mappings>
			<mappings platformId="16">
				<nativeFunction className="LoggerAbstraction" frameworks="" library="konyLogger.zip" name="flush" packageName="" static="false">
					<versionSpecificLibraries>
						<entry>
							<key>5.0</key>
						</entry>
						<entry>
							<key>6.0</key>
						</entry>
					</versionSpecificLibraries>
				</nativeFunction>
			</mappings>
			<mappings platformId="1">
				<nativeFunction className="LoggerAbstraction" frameworks="" library="konyLogger.zip" name="flush" packageName="" static="false">
					<versionSpecificLibraries>
						<entry>
							<key>5.0</key>
						</entry>
						<entry>
							<key>6.0</key>
						</entry>
					</versionSpecificLibraries>
				</nativeFunction>
			</mappings>
			<mappings platformId="50">
				<nativeFunction className="KonyJSFacade" frameworks="" library="konyLogger.zip" name="Flush" packageName="KonyLogger.Core" static="false">
					<versionSpecificLibraries>
						<entry>
							<key>5.0</key>
						</entry>
						<entry>
							<key>6.0</key>
						</entry>
					</versionSpecificLibraries>
				</nativeFunction>
			</mappings>
			<mappings platformId="48">
				<nativeFunction className="KonyJSFacade" frameworks="" library="konyLogger.zip" name="Flush" packageName="KonyLogger.Core" static="false">
					<versionSpecificLibraries>
						<entry>
							<key>5.0</key>
						</entry>
						<entry>
							<key>6.0</key>
						</entry>
					</versionSpecificLibraries>
				</nativeFunction>
			</mappings>
			<returnTypes>void</returnTypes>
		</jsFunctions>
		<jsFunctions name="setConfig">
			<mappings platformId="50">
				<nativeFunction className="KonyJSFacade" frameworks="" library="konyLogger.zip" name="SetConfig" packageName="KonyLogger.Core" static="false">
					<params dataType="Dictionary"/>
					<versionSpecificLibraries>
						<entry>
							<key>5.0</key>
						</entry>
						<entry>
							<key>6.0</key>
						</entry>
					</versionSpecificLibraries>
				</nativeFunction>
			</mappings>
			<mappings platformId="48">
				<nativeFunction className="KonyJSFacade" frameworks="" library="konyLogger.zip" name="SetConfig" packageName="KonyLogger.Core" static="false">
					<params dataType="Dictionary"/>
					<versionSpecificLibraries>
						<entry>
							<key>5.0</key>
						</entry>
						<entry>
							<key>6.0</key>
						</entry>
					</versionSpecificLibraries>
				</nativeFunction>
			</mappings>
			<mappings platformId="8">
				<nativeFunction className="KonyJSFacade" frameworks="" library="konylogger.jar" name="setConfig" packageName="com.kony.logger.Core" static="false">
					<params dataType="java.util.Hashtable"/>
					<versionSpecificLibraries>
						<entry>
							<key>5.0</key>
						</entry>
						<entry>
							<key>6.0</key>
						</entry>
					</versionSpecificLibraries>
				</nativeFunction>
			</mappings>
			<mappings platformId="18">
				<nativeFunction className="KonyJSFacade" frameworks="" library="konylogger.jar" name="setConfig" packageName="com.kony.logger.Core" static="false">
					<params dataType="java.util.Hashtable"/>
					<versionSpecificLibraries>
						<entry>
							<key>5.0</key>
						</entry>
						<entry>
							<key>6.0</key>
						</entry>
					</versionSpecificLibraries>
				</nativeFunction>
			</mappings>
			<mappings platformId="1">
				<nativeFunction className="LoggerAbstraction" frameworks="" library="konyLogger.zip" name="setConfig:" packageName="" static="false">
					<params dataType="NSDictionary"/>
					<versionSpecificLibraries>
						<entry>
							<key>5.0</key>
						</entry>
						<entry>
							<key>6.0</key>
						</entry>
					</versionSpecificLibraries>
				</nativeFunction>
			</mappings>
			<mappings platformId="16">
				<nativeFunction className="LoggerAbstraction" frameworks="" library="konyLogger.zip" name="setConfig:" packageName="" static="false">
					<params dataType="NSDictionary"/>
					<versionSpecificLibraries>
						<entry>
							<key>5.0</key>
						</entry>
						<entry>
							<key>6.0</key>
						</entry>
					</versionSpecificLibraries>
				</nativeFunction>
			</mappings>
			<params dataType="Object" name="config"/>
			<returnTypes>void</returnTypes>
		</jsFunctions>
		<jsFunctions name="setPersistorConfig">
			<mappings platformId="50">
				<nativeFunction className="KonyJSFacade" frameworks="" library="konyLogger.zip" name="SetPersisterConfig" packageName="KonyLogger.Core" static="false">
					<params dataType="Dictionary"/>
					<versionSpecificLibraries>
						<entry>
							<key>5.0</key>
						</entry>
						<entry>
							<key>6.0</key>
						</entry>
					</versionSpecificLibraries>
				</nativeFunction>
			</mappings>
			<mappings platformId="48">
				<nativeFunction className="KonyJSFacade" frameworks="" library="konyLogger.zip" name="SetPersisterConfig" packageName="KonyLogger.Core" static="false">
					<params dataType="Dictionary"/>
					<versionSpecificLibraries>
						<entry>
							<key>5.0</key>
						</entry>
						<entry>
							<key>6.0</key>
						</entry>
					</versionSpecificLibraries>
				</nativeFunction>
			</mappings>
			<mappings platformId="8">
				<nativeFunction className="KonyJSFacade" frameworks="" library="konylogger.jar" name="setPersisterConfig" packageName="com.kony.logger.Core" static="false">
					<params dataType="java.util.Hashtable"/>
					<versionSpecificLibraries>
						<entry>
							<key>5.0</key>
						</entry>
						<entry>
							<key>6.0</key>
						</entry>
					</versionSpecificLibraries>
				</nativeFunction>
			</mappings>
			<mappings platformId="18">
				<nativeFunction className="KonyJSFacade" frameworks="" library="konylogger.jar" name="setPersisterConfig" packageName="com.kony.logger.Core" static="false">
					<params dataType="java.util.Hashtable"/>
					<versionSpecificLibraries>
						<entry>
							<key>5.0</key>
						</entry>
						<entry>
							<key>6.0</key>
						</entry>
					</versionSpecificLibraries>
				</nativeFunction>
			</mappings>
			<mappings platformId="1">
				<nativeFunction className="LoggerAbstraction" frameworks="" library="konyLogger.zip" name="setPersisterConfig:" packageName="" static="false">
					<params dataType="NSDictionary"/>
					<versionSpecificLibraries>
						<entry>
							<key>5.0</key>
						</entry>
						<entry>
							<key>6.0</key>
						</entry>
					</versionSpecificLibraries>
				</nativeFunction>
			</mappings>
			<mappings platformId="16">
				<nativeFunction className="LoggerAbstraction" frameworks="" library="konyLogger.zip" name="setPersisterConfig:" packageName="" static="false">
					<params dataType="NSDictionary"/>
					<versionSpecificLibraries>
						<entry>
							<key>5.0</key>
						</entry>
						<entry>
							<key>6.0</key>
						</entry>
					</versionSpecificLibraries>
				</nativeFunction>
			</mappings>
			<params dataType="Object" name="persistor"/>
			<returnTypes>void</returnTypes>
		</jsFunctions>
		<jsFunctions name="setLogLevel">
			<mappings platformId="8">
				<nativeFunction className="KonyJSFacade" frameworks="" library="konylogger.jar" name="setLogLevel" packageName="com.kony.logger.Core" static="false">
					<params dataType="int"/>
					<versionSpecificLibraries>
						<entry>
							<key>5.0</key>
						</entry>
						<entry>
							<key>6.0</key>
						</entry>
					</versionSpecificLibraries>
				</nativeFunction>
			</mappings>
			<mappings platformId="48">
				<nativeFunction className="KonyJSFacade" frameworks="" library="konyLogger.zip" name="SetLogLevel" packageName="KonyLogger.Core" static="false">
					<params dataType="int"/>
					<versionSpecificLibraries>
						<entry>
							<key>5.0</key>
						</entry>
						<entry>
							<key>6.0</key>
						</entry>
					</versionSpecificLibraries>
				</nativeFunction>
			</mappings>
			<mappings platformId="50">
				<nativeFunction className="KonyJSFacade" frameworks="" library="konyLogger.zip" name="SetLogLevel" packageName="KonyLogger.Core" static="false">
					<params dataType="int"/>
					<versionSpecificLibraries>
						<entry>
							<key>5.0</key>
						</entry>
						<entry>
							<key>6.0</key>
						</entry>
					</versionSpecificLibraries>
				</nativeFunction>
			</mappings>
			<mappings platformId="18">
				<nativeFunction className="KonyJSFacade" frameworks="" library="konylogger.jar" name="setLogLevel" packageName="com.kony.logger.Core" static="false">
					<params dataType="int"/>
					<versionSpecificLibraries>
						<entry>
							<key>5.0</key>
						</entry>
						<entry>
							<key>6.0</key>
						</entry>
					</versionSpecificLibraries>
				</nativeFunction>
			</mappings>
			<mappings platformId="1">
				<nativeFunction className="LoggerAbstraction" frameworks="" library="konyLogger.zip" name="setLogLevel:" packageName="" static="false">
					<params dataType="int"/>
					<versionSpecificLibraries>
						<entry>
							<key>5.0</key>
						</entry>
						<entry>
							<key>6.0</key>
						</entry>
					</versionSpecificLibraries>
				</nativeFunction>
			</mappings>
			<mappings platformId="16">
				<nativeFunction className="LoggerAbstraction" frameworks="" library="konyLogger.zip" name="setLogLevel:" packageName="" static="false">
					<params dataType="int"/>
					<versionSpecificLibraries>
						<entry>
							<key>5.0</key>
						</entry>
						<entry>
							<key>6.0</key>
						</entry>
					</versionSpecificLibraries>
				</nativeFunction>
			</mappings>
			<params dataType="Number" name="logLevel"/>
			<returnTypes>void</returnTypes>
		</jsFunctions>
		<jsFunctions name="activatePersistors">
			<mappings platformId="50">
				<nativeFunction className="KonyJSFacade" frameworks="" library="konyLogger.zip" name="ActivatePersistors" packageName="KonyLogger.Core" static="false">
					<params dataType="int"/>
					<versionSpecificLibraries>
						<entry>
							<key>5.0</key>
						</entry>
						<entry>
							<key>6.0</key>
						</entry>
					</versionSpecificLibraries>
				</nativeFunction>
			</mappings>
			<mappings platformId="48">
				<nativeFunction className="KonyJSFacade" frameworks="" library="konyLogger.zip" name="ActivatePersistors" packageName="KonyLogger.Core" static="false">
					<params dataType="int"/>
					<versionSpecificLibraries>
						<entry>
							<key>5.0</key>
						</entry>
						<entry>
							<key>6.0</key>
						</entry>
					</versionSpecificLibraries>
				</nativeFunction>
			</mappings>
			<mappings platformId="8">
				<nativeFunction className="KonyJSFacade" frameworks="" library="konylogger.jar" name="activatePersistors" packageName="com.kony.logger.Core" static="false">
					<params dataType="int"/>
					<versionSpecificLibraries>
						<entry>
							<key>5.0</key>
						</entry>
						<entry>
							<key>6.0</key>
						</entry>
					</versionSpecificLibraries>
				</nativeFunction>
			</mappings>
			<mappings platformId="18">
				<nativeFunction className="KonyJSFacade" frameworks="" library="konylogger.jar" name="activatePersistors" packageName="com.kony.logger.Core" static="false">
					<params dataType="int"/>
					<versionSpecificLibraries>
						<entry>
							<key>5.0</key>
						</entry>
						<entry>
							<key>6.0</key>
						</entry>
					</versionSpecificLibraries>
				</nativeFunction>
			</mappings>
			<mappings platformId="1">
				<nativeFunction className="LoggerAbstraction" frameworks="" library="konyLogger.zip" name="activatePersistors:" packageName="" static="false">
					<params dataType="NSNumber"/>
					<versionSpecificLibraries>
						<entry>
							<key>5.0</key>
						</entry>
						<entry>
							<key>6.0</key>
						</entry>
					</versionSpecificLibraries>
				</nativeFunction>
			</mappings>
			<mappings platformId="16">
				<nativeFunction className="LoggerAbstraction" frameworks="" library="konyLogger.zip" name="activatePersistors:" packageName="" static="false">
					<params dataType="NSNumber"/>
					<versionSpecificLibraries>
						<entry>
							<key>5.0</key>
						</entry>
						<entry>
							<key>6.0</key>
						</entry>
					</versionSpecificLibraries>
				</nativeFunction>
			</mappings>
			<params dataType="Number" name="activatedList"/>
			<returnTypes>void</returnTypes>
		</jsFunctions>
		<jsFunctions name="deactivatePersistors">
			<mappings platformId="48">
				<nativeFunction className="KonyJSFacade" frameworks="" library="konyLogger.zip" name="DeactivatePersistors" packageName="KonyLogger.Core" static="false">
					<params dataType="int"/>
					<versionSpecificLibraries>
						<entry>
							<key>5.0</key>
						</entry>
						<entry>
							<key>6.0</key>
						</entry>
					</versionSpecificLibraries>
				</nativeFunction>
			</mappings>
			<mappings platformId="50">
				<nativeFunction className="KonyJSFacade" frameworks="" library="konyLogger.zip" name="DeactivatePersistors" packageName="KonyLogger.Core" static="false">
					<params dataType="int"/>
					<versionSpecificLibraries>
						<entry>
							<key>5.0</key>
						</entry>
						<entry>
							<key>6.0</key>
						</entry>
					</versionSpecificLibraries>
				</nativeFunction>
			</mappings>
			<mappings platformId="8">
				<nativeFunction className="KonyJSFacade" frameworks="" library="konylogger.jar" name="deactivatePersistors" packageName="com.kony.logger.Core" static="false">
					<params dataType="int"/>
					<versionSpecificLibraries>
						<entry>
							<key>5.0</key>
						</entry>
						<entry>
							<key>6.0</key>
						</entry>
					</versionSpecificLibraries>
				</nativeFunction>
			</mappings>
			<mappings platformId="18">
				<nativeFunction className="KonyJSFacade" frameworks="" library="konylogger.jar" name="deactivatePersistors" packageName="com.kony.logger.Core" static="false">
					<params dataType="int"/>
					<versionSpecificLibraries>
						<entry>
							<key>5.0</key>
						</entry>
						<entry>
							<key>6.0</key>
						</entry>
					</versionSpecificLibraries>
				</nativeFunction>
			</mappings>
			<mappings platformId="1">
				<nativeFunction className="LoggerAbstraction" frameworks="" library="konyLogger.zip" name="deactivatePersistors:" packageName="" static="false">
					<params dataType="NSNumber"/>
					<versionSpecificLibraries>
						<entry>
							<key>5.0</key>
						</entry>
						<entry>
							<key>6.0</key>
						</entry>
					</versionSpecificLibraries>
				</nativeFunction>
			</mappings>
			<mappings platformId="16">
				<nativeFunction className="LoggerAbstraction" frameworks="" library="konyLogger.zip" name="deactivatePersistors:" packageName="" static="false">
					<params dataType="NSNumber"/>
					<versionSpecificLibraries>
						<entry>
							<key>5.0</key>
						</entry>
						<entry>
							<key>6.0</key>
						</entry>
					</versionSpecificLibraries>
				</nativeFunction>
			</mappings>
			<params dataType="Number" name="deactivatedList"/>
			<returnTypes>void</returnTypes>
		</jsFunctions>
		<jsFunctions name="setClaimsToken">
			<mappings platformId="8">
				<nativeFunction className="KonyJSFacade" frameworks="" library="konylogger.jar" name="setClaimsToken" packageName="com.kony.logger.Core" static="false">
					<params dataType="java.lang.String"/>
					<versionSpecificLibraries>
						<entry>
							<key>5.0</key>
						</entry>
						<entry>
							<key>6.0</key>
						</entry>
					</versionSpecificLibraries>
				</nativeFunction>
			</mappings>
			<mappings platformId="1">
				<nativeFunction className="LoggerAbstraction" frameworks="" library="konyLogger.zip" name="setClaimsToken:" packageName="" static="false">
					<params dataType="NSString"/>
					<versionSpecificLibraries>
						<entry>
							<key>5.0</key>
						</entry>
						<entry>
							<key>6.0</key>
						</entry>
					</versionSpecificLibraries>
				</nativeFunction>
			</mappings>
			<mappings platformId="16">
				<nativeFunction className="LoggerAbstraction" frameworks="" library="konyLogger.zip" name="setClaimsToken:" packageName="" static="false">
					<params dataType="NSString"/>
					<versionSpecificLibraries>
						<entry>
							<key>5.0</key>
						</entry>
						<entry>
							<key>6.0</key>
						</entry>
					</versionSpecificLibraries>
				</nativeFunction>
			</mappings>
			<mappings platformId="18">
				<nativeFunction className="KonyJSFacade" frameworks="" library="konylogger.jar" name="setClaimsToken" packageName="com.kony.logger.Core" static="false">
					<params dataType="java.lang.String"/>
					<versionSpecificLibraries>
						<entry>
							<key>5.0</key>
						</entry>
						<entry>
							<key>6.0</key>
						</entry>
					</versionSpecificLibraries>
				</nativeFunction>
			</mappings>
			<mappings platformId="50">
				<nativeFunction className="KonyJSFacade" frameworks="" library="konyLogger.zip" name="SetClaimsToken" packageName="KonyLogger.Core" static="false">
					<params dataType="string"/>
					<versionSpecificLibraries>
						<entry>
							<key>5.0</key>
						</entry>
						<entry>
							<key>6.0</key>
						</entry>
					</versionSpecificLibraries>
				</nativeFunction>
			</mappings>
			<mappings platformId="48">
				<nativeFunction className="KonyJSFacade" frameworks="" library="konyLogger.zip" name="SetClaimsToken" packageName="KonyLogger.Core" static="false">
					<params dataType="string"/>
					<versionSpecificLibraries>
						<entry>
							<key>5.0</key>
						</entry>
						<entry>
							<key>6.0</key>
						</entry>
					</versionSpecificLibraries>
				</nativeFunction>
			</mappings>
			<params dataType="String" name="claimsToken"/>
			<returnTypes>void</returnTypes>
		</jsFunctions>
		<jsFunctions name="subscribeLogListener">
			<mappings platformId="1">
				<nativeFunction className="LoggerAbstraction" frameworks="" library="konyLogger.zip" name="subscribeLogListener:" packageName="" static="false">
					<params dataType="Callback"/>
					<versionSpecificLibraries>
						<entry>
							<key>5.0</key>
						</entry>
						<entry>
							<key>6.0</key>
						</entry>
					</versionSpecificLibraries>
				</nativeFunction>
			</mappings>
			<mappings platformId="16">
				<nativeFunction className="LoggerAbstraction" frameworks="" library="konyLogger.zip" name="subscribeLogListener:" packageName="" static="false">
					<params dataType="Callback"/>
					<versionSpecificLibraries>
						<entry>
							<key>5.0</key>
						</entry>
						<entry>
							<key>6.0</key>
						</entry>
					</versionSpecificLibraries>
				</nativeFunction>
			</mappings>
			<mappings platformId="8">
				<nativeFunction className="KonyJSFacade" frameworks="" library="konylogger.jar" name="subscribeLogListener" packageName="com.kony.logger.Core" static="false">
					<params dataType="com.konylabs.vm.Function"/>
					<versionSpecificLibraries>
						<entry>
							<key>5.0</key>
						</entry>
						<entry>
							<key>6.0</key>
						</entry>
					</versionSpecificLibraries>
				</nativeFunction>
			</mappings>
			<mappings platformId="18">
				<nativeFunction className="KonyJSFacade" frameworks="" library="konylogger.jar" name="subscribeLogListener" packageName="com.kony.logger.Core" static="false">
					<params dataType="com.konylabs.vm.Function"/>
					<versionSpecificLibraries>
						<entry>
							<key>5.0</key>
						</entry>
						<entry>
							<key>6.0</key>
						</entry>
					</versionSpecificLibraries>
				</nativeFunction>
			</mappings>
			<params dataType="Function" name="logListener"/>
			<returnTypes>void</returnTypes>
		</jsFunctions>
		<jsFunctions name="unsubscribeLogListener">
			<mappings platformId="1">
				<nativeFunction className="LoggerAbstraction" frameworks="" library="konyLogger.zip" name="unsubscribeLogListener" packageName="" static="false">
					<versionSpecificLibraries>
						<entry>
							<key>5.0</key>
						</entry>
						<entry>
							<key>6.0</key>
						</entry>
					</versionSpecificLibraries>
				</nativeFunction>
			</mappings>
			<mappings platformId="8">
				<nativeFunction className="KonyJSFacade" frameworks="" library="konylogger.jar" name="unsubscribeLogListener" packageName="com.kony.logger.Core" static="false">
					<versionSpecificLibraries>
						<entry>
							<key>5.0</key>
						</entry>
						<entry>
							<key>6.0</key>
						</entry>
					</versionSpecificLibraries>
				</nativeFunction>
			</mappings>
			<mappings platformId="16">
				<nativeFunction className="LoggerAbstraction" frameworks="" library="konyLogger.zip" name="unsubscribeLogListener" packageName="" static="false">
					<versionSpecificLibraries>
						<entry>
							<key>5.0</key>
						</entry>
						<entry>
							<key>6.0</key>
						</entry>
					</versionSpecificLibraries>
				</nativeFunction>
			</mappings>
			<mappings platformId="18">
				<nativeFunction className="KonyJSFacade" frameworks="" library="konylogger.jar" name="unsubscribeLogListener" packageName="com.kony.logger.Core" static="false">
					<versionSpecificLibraries>
						<entry>
							<key>5.0</key>
						</entry>
						<entry>
							<key>6.0</key>
						</entry>
					</versionSpecificLibraries>
				</nativeFunction>
			</mappings>
			<returnTypes>void</returnTypes>
		</jsFunctions>
		<jsFunctions name="setGlobalRequestParam">
         <mappings platformId="8">
            <nativeFunction className="KonyJSFacade" frameworks="" library="konylogger.jar" name="setGlobalRequestParam" packageName="com.kony.logger.Core" static="false">
               <params dataType="java.lang.String" />
			   <params dataType="java.lang.String" />
			   <params dataType="java.lang.String" />
               <versionSpecificLibraries>
                  <entry>
                     <key>5.0</key>
                  </entry>
                  <entry>
                     <key>6.0</key>
                  </entry>
               </versionSpecificLibraries>
            </nativeFunction>
         </mappings>
         <mappings platformId="1">
            <nativeFunction className="LoggerAbstraction" frameworks="" library="konyLogger.zip" name="setGlobalRequestParam:paramValue:paramType:" packageName="" static="false">
               <params dataType="NSString" />
			   <params dataType="NSString" />
			   <params dataType="NSString" />
               <versionSpecificLibraries>
                  <entry>
                     <key>5.0</key>
                  </entry>
                  <entry>
                     <key>6.0</key>
                  </entry>
               </versionSpecificLibraries>
            </nativeFunction>
         </mappings>
         <mappings platformId="16">
            <nativeFunction className="LoggerAbstraction" frameworks="" library="konyLogger.zip" name="setGlobalRequestParam:paramValue:paramType:" packageName="" static="false">
               <params dataType="NSString" />
			   <params dataType="NSString" />
			   <params dataType="NSString" />
               <versionSpecificLibraries>
                  <entry>
                     <key>5.0</key>
                  </entry>
                  <entry>
                     <key>6.0</key>
                  </entry>
               </versionSpecificLibraries>
            </nativeFunction>
         </mappings>
         <mappings platformId="18">
            <nativeFunction className="KonyJSFacade" frameworks="" library="konylogger.jar" name="setGlobalRequestParam" packageName="com.kony.logger.Core" static="false">
               <params dataType="java.lang.String" />
			   <params dataType="java.lang.String" />
			   <params dataType="java.lang.String" />
               <versionSpecificLibraries>
                  <entry>
                     <key>5.0</key>
                  </entry>
                  <entry>
                     <key>6.0</key>
                  </entry>
               </versionSpecificLibraries>
            </nativeFunction>
         </mappings>
         <mappings platformId="50">
            <nativeFunction className="KonyJSFacade" frameworks="" library="konyLogger.zip" name="SetGlobalRequestParam" packageName="KonyLogger.Core" static="false">
               <params dataType="string" />
			   <params dataType="string" />
			   <params dataType="string" />
               <versionSpecificLibraries>
                  <entry>
                     <key>5.0</key>
                  </entry>
                  <entry>
                     <key>6.0</key>
                  </entry>
               </versionSpecificLibraries>
            </nativeFunction>
         </mappings>
         <mappings platformId="48">
            <nativeFunction className="KonyJSFacade" frameworks="" library="konyLogger.zip" name="SetGlobalRequestParam" packageName="KonyLogger.Core" static="false">
               <params dataType="string" />
			   <params dataType="string" />
			   <params dataType="string" />
               <versionSpecificLibraries>
                  <entry>
                     <key>5.0</key>
                  </entry>
                  <entry>
                     <key>6.0</key>
                  </entry>
               </versionSpecificLibraries>
            </nativeFunction>
         </mappings>
         <params dataType="String" name="paramName" />
		 <params dataType="String" name="paramValue" />
		 <params dataType="String" name="paramType" />
         <returnTypes>void</returnTypes>
      </jsFunctions>
	   <jsFunctions name="removeGlobalRequestParam">
         <mappings platformId="8">
            <nativeFunction className="KonyJSFacade" frameworks="" library="konylogger.jar" name="removeGlobalRequestParam" packageName="com.kony.logger.Core" static="false">
               <params dataType="java.lang.String" />
			   <params dataType="java.lang.String" />
               <versionSpecificLibraries>
                  <entry>
                     <key>5.0</key>
                  </entry>
                  <entry>
                     <key>6.0</key>
                  </entry>
               </versionSpecificLibraries>
            </nativeFunction>
         </mappings>
         <mappings platformId="1">
            <nativeFunction className="LoggerAbstraction" frameworks="" library="konyLogger.zip" name="removeGlobalRequestParam:paramType:" packageName="" static="false">
               <params dataType="NSString" />
			   <params dataType="NSString" />
               <versionSpecificLibraries>
                  <entry>
                     <key>5.0</key>
                  </entry>
                  <entry>
                     <key>6.0</key>
                  </entry>
               </versionSpecificLibraries>
            </nativeFunction>
         </mappings>
         <mappings platformId="16">
            <nativeFunction className="LoggerAbstraction" frameworks="" library="konyLogger.zip" name="removeGlobalRequestParam:paramType:" packageName="" static="false">
               <params dataType="NSString" />
			   <params dataType="NSString" />
               <versionSpecificLibraries>
                  <entry>
                     <key>5.0</key>
                  </entry>
                  <entry>
                     <key>6.0</key>
                  </entry>
               </versionSpecificLibraries>
            </nativeFunction>
         </mappings>
         <mappings platformId="18">
            <nativeFunction className="KonyJSFacade" frameworks="" library="konylogger.jar" name="removeGlobalRequestParam" packageName="com.kony.logger.Core" static="false">
               <params dataType="java.lang.String" />
			   <params dataType="java.lang.String" />
               <versionSpecificLibraries>
                  <entry>
                     <key>5.0</key>
                  </entry>
                  <entry>
                     <key>6.0</key>
                  </entry>
               </versionSpecificLibraries>
            </nativeFunction>
         </mappings>
         <mappings platformId="50">
            <nativeFunction className="KonyJSFacade" frameworks="" library="konyLogger.zip" name="RemoveGlobalRequestParam" packageName="KonyLogger.Core" static="false">
               <params dataType="string" />
			   <params dataType="string" />
               <versionSpecificLibraries>
                  <entry>
                     <key>5.0</key>
                  </entry>
                  <entry>
                     <key>6.0</key>
                  </entry>
               </versionSpecificLibraries>
            </nativeFunction>
         </mappings>
         <mappings platformId="48">
            <nativeFunction className="KonyJSFacade" frameworks="" library="konyLogger.zip" name="RemoveGlobalRequestParam" packageName="KonyLogger.Core" static="false">
               <params dataType="string" />
			   <params dataType="string" />
               <versionSpecificLibraries>
                  <entry>
                     <key>5.0</key>
                  </entry>
                  <entry>
                     <key>6.0</key>
                  </entry>
               </versionSpecificLibraries>
            </nativeFunction>
         </mappings>
         <params dataType="String" name="paramName" />
		 <params dataType="String" name="paramType" />
         <returnTypes>void</returnTypes>
      </jsFunctions>
	   <jsFunctions name="resetGlobalRequestParams">
         <mappings platformId="8">
            <nativeFunction className="KonyJSFacade" frameworks="" library="konylogger.jar" name="resetGlobalRequestParams" packageName="com.kony.logger.Core" static="false">
               <versionSpecificLibraries>
                  <entry>
                     <key>5.0</key>
                  </entry>
                  <entry>
                     <key>6.0</key>
                  </entry>
               </versionSpecificLibraries>
            </nativeFunction>
         </mappings>
         <mappings platformId="1">
            <nativeFunction className="LoggerAbstraction" frameworks="" library="konyLogger.zip" name="resetGlobalRequestParams" packageName="" static="false">
               <versionSpecificLibraries>
                  <entry>
                     <key>5.0</key>
                  </entry>
                  <entry>
                     <key>6.0</key>
                  </entry>
               </versionSpecificLibraries>
            </nativeFunction>
         </mappings>
         <mappings platformId="16">
            <nativeFunction className="LoggerAbstraction" frameworks="" library="konyLogger.zip" name="resetGlobalRequestParams" packageName="" static="false">
               <versionSpecificLibraries>
                  <entry>
                     <key>5.0</key>
                  </entry>
                  <entry>
                     <key>6.0</key>
                  </entry>
               </versionSpecificLibraries>
            </nativeFunction>
         </mappings>
         <mappings platformId="18">
            <nativeFunction className="KonyJSFacade" frameworks="" library="konylogger.jar" name="resetGlobalRequestParams" packageName="com.kony.logger.Core" static="false">
               <versionSpecificLibraries>
                  <entry>
                     <key>5.0</key>
                  </entry>
                  <entry>
                     <key>6.0</key>
                  </entry>
               </versionSpecificLibraries>
            </nativeFunction>
         </mappings>
         <mappings platformId="50">
            <nativeFunction className="KonyJSFacade" frameworks="" library="konyLogger.zip" name="ResetGlobalRequestParams" packageName="KonyLogger.Core" static="false">
               <versionSpecificLibraries>
                  <entry>
                     <key>5.0</key>
                  </entry>
                  <entry>
                     <key>6.0</key>
                  </entry>
               </versionSpecificLibraries>
            </nativeFunction>
         </mappings>
         <mappings platformId="48">
            <nativeFunction className="KonyJSFacade" frameworks="" library="konyLogger.zip" name="ResetGlobalRequestParams" packageName="KonyLogger.Core" static="false">
               <versionSpecificLibraries>
                  <entry>
                     <key>5.0</key>
                  </entry>
                  <entry>
                     <key>6.0</key>
                  </entry>
               </versionSpecificLibraries>
            </nativeFunction>
         </mappings>
         <returnTypes>void</returnTypes>
		</jsFunctions>
		<jsFunctions name="configure">
			<mappings platformId="8">
				<nativeFunction className="KonyJSFacade"
				                frameworks=""
				                library="konylogger.jar"
				                name="configure"
				                packageName="com.kony.logger.Core"
				                static="false">
					<versionSpecificLibraries>
						<entry>
							<key>5.0</key>
						</entry>
						<entry>
							<key>6.0</key>
						</entry>
					</versionSpecificLibraries>
				</nativeFunction>
			</mappings>
			<mappings platformId="18">
				<nativeFunction className="KonyJSFacade"
				                frameworks=""
				                library="konylogger.jar"
				                name="configure"
				                packageName="com.kony.logger.Core"
				                static="false">
					<versionSpecificLibraries>
						<entry>
							<key>5.0</key>
						</entry>
						<entry>
							<key>6.0</key>
						</entry>
					</versionSpecificLibraries>
				</nativeFunction>
			</mappings>
			<mappings platformId="1">
				<nativeFunction className="LoggerAbstraction"
				                frameworks=""
				                library="konyLogger.zip"
				                name="configure"
				                packageName=""
				                static="false">
					<versionSpecificLibraries>
						<entry>
							<key>5.0</key>
						</entry>
						<entry>
							<key>6.0</key>
						</entry>
					</versionSpecificLibraries>
				</nativeFunction>
			</mappings>
			<mappings platformId="16">
				<nativeFunction className="LoggerAbstraction"
				                frameworks=""
				                library="konyLogger.zip"
				                name="configure"
				                packageName=""
				                static="false">
					<versionSpecificLibraries>
						<entry>
							<key>5.0</key>
						</entry>
						<entry>
							<key>6.0</key>
						</entry>
					</versionSpecificLibraries>
				</nativeFunction>
			</mappings>
			<returnTypes>void</returnTypes>
		</jsFunctions>		
	</namespaces>
</javaScriptFFIContainer>